{"cameraMode":{"drawMode":0,"name":"Shaded","section":"Shading Mode"},"sceneLighting":true,"audioPlay":false,"sceneViewState":{"showFog":true,"showMaterialUpdate":false,"showSkybox":true,"showFlares":true,"showImageEffects":true,"showParticleSystems":true},"in2DMode":false,"pivot":{"x":0.20943957567214967,"y":4.956003189086914,"z":-25.094192504882814},"rotation":{"x":0.0074997832998633389,"y":0.0029999813996255399,"z":-0.000022550724679604173,"w":0.9999657869338989},"size":10.0,"orthographic":true}