{"cameraMode":{"drawMode":0,"name":"Shaded","section":"Shading Mode"},"sceneLighting":true,"audioPlay":false,"sceneViewState":{"showFog":true,"showMaterialUpdate":false,"showSkybox":true,"showFlares":true,"showImageEffects":true,"showParticleSystems":true},"in2DMode":false,"pivot":{"x":0.2152731865644455,"y":5.0568108558654789,"z":-0.5905323028564453},"rotation":{"x":0.006845822092145681,"y":0.9795229434967041,"z":-0.03380686044692993,"w":0.19835086166858674},"size":0.28178825974464419,"orthographic":true}